{
  "model_type": "VotingEnsemble (XGBoost + LightGBM + CatBoost)",
  "data_integrity": "SMOTE applied inside CV folds (no data leakage)",
  "train_samples": 348,
  "train_samples_augmented": 784,
  "val_samples": 75,
  "test_samples": 75,
  "num_features_original": 93,
  "num_features_selected": 74,
  "val_accuracy": 0.9066666666666666,
  "val_precision": 0.8887559808612441,
  "val_recall": 0.8672619047619048,
  "val_f1": 0.8727096931513375,
  "test_accuracy": 0.8933333333333333,
  "test_precision": 0.8385416666666666,
  "test_recall": 0.8863095238095238,
  "test_f1": 0.8520277519490738,
  "confusion_matrix": [
    [
      39,
      3,
      0,
      0
    ],
    [
      1,
      13,
      1,
      0
    ],
    [
      0,
      0,
      9,
      3
    ],
    [
      0,
      0,
      0,
      6
    ]
  ],
  "ranking_head": "XGBRanker (rank:ndcg / LambdaMART) fused with Voting Ensemble",
  "ltr_features": 75,
  "fusion_ensemble_weight": 0.6,
  "ndcg_at_10": 0.9917429178932101,
  "ndcg_at_100": 0.9971886583386395,
  "ndcg_at_10_hard": 1.0,
  "spearman_hard": 0.8943335512505769,
  "pure_ltr_ndcg_at_10": 0.9790714250915304,
  "pure_ltr_ndcg_at_100": 0.9809751323759587,
  "baseline_ndcg_at_10": 0.9923677720078083,
  "baseline_ndcg_at_100": 0.9975703314746239,
  "ndcg_at_10_gain_vs_ensemble": -0.0006248541145982278
}