{
  "model_type": "VotingEnsemble (XGBoost + LightGBM + CatBoost)",
  "data_integrity": "SMOTE applied inside CV folds (no data leakage)",
  "train_samples": 348,
  "train_samples_augmented": 784,
  "val_samples": 75,
  "test_samples": 75,
  "num_features_original": 93,
  "num_features_selected": 74,
  "val_accuracy": 0.9066666666666666,
  "val_precision": 0.8834841628959276,
  "val_recall": 0.8714285714285714,
  "val_f1": 0.8743001662971175,
  "test_accuracy": 0.88,
  "test_precision": 0.8230994152046783,
  "test_recall": 0.8761904761904762,
  "test_f1": 0.8338585434173669,
  "confusion_matrix": [
    [
      38,
      4,
      0,
      0
    ],
    [
      0,
      14,
      1,
      0
    ],
    [
      0,
      1,
      8,
      3
    ],
    [
      0,
      0,
      0,
      6
    ]
  ]
}